{"cameraMode":{"drawMode":0,"name":"Shaded","section":"Shading Mode"},"sceneLighting":false,"audioPlay":false,"sceneViewState":{"m_AlwaysRefresh":false,"showFog":true,"showSkybox":false,"showFlares":true,"showImageEffects":true,"showParticleSystems":true,"showVisualEffectGraphs":true,"m_FxEnabled":true},"in2DMode":false,"pivot":{"x":5.65826940536499,"y":0.9133710861206055,"z":-1.0429878234863282},"rotation":{"x":-0.000494679668918252,"y":-0.9989238977432251,"z":-0.013184788636863232,"w":0.04706621915102005},"size":12.579229354858399,"orthographic":false}